[
  {
    "Name": "Flags",
    "Description": "Flags and details",
    "ApiSource": 1,
    "Title": "Cautions",
    "Location": 2,
    "DisplayOrder": 0,
    "TitleForeColorInt": -16777216,
    "TitleBackColorInt": -1781697,
    "GridWidth": 750,
    "HideRowSelector": false,
    "SortOrder": 2,
    "SortOrderField": "LapNumber",
    "TitleForeColor": "0, 0, 0",
    "TitleBackColor": "228, 208, 63",
    "Columns": [
      {
        "Index": 0,
        "DataProperty": "LapNumber",
        "HeaderTitle": "Lap",
        "DisplayIndex": 0,
        "Width": 91,
        "Visible": true
      },
      {
        "Index": 1,
        "DataProperty": "State",
        "HeaderTitle": "State",
        "DisplayIndex": 1,
        "Width": 50,
        "Visible": true
      },
      {
        "Index": 2,
        "DataProperty": "ElapsedTime",
        "HeaderTitle": "ElapsedTime",
        "DisplayIndex": 2,
        "Width": 0,
        "Visible": false
      },
      {
        "Index": 3,
        "DataProperty": "Comment",
        "HeaderTitle": "Comment",
        "DisplayIndex": 3,
        "Width": 226,
        "Visible": true
      },
      {
        "Index": 4,
        "DataProperty": "Beneficiary",
        "HeaderTitle": "Lucky Dog",
        "DisplayIndex": 4,
        "Width": 50,
        "Visible": true
      },
      {
        "Index": 5,
        "DataProperty": "TimeOfDay",
        "HeaderTitle": "TimeOfDay",
        "DisplayIndex": 5,
        "Width": 0,
        "Visible": false
      },
      {
        "Index": 6,
        "DataProperty": "TimeOfDayOs",
        "HeaderTitle": "Time",
        "DisplayIndex": 6,
        "Width": 101,
        "Visible": true
      }
    ]
  },
  {
    "Name": "Practice Leaderboard",
    "Description": "Practice session leaderboard",
    "ApiSource": 6,
    "Title": "Practice",
    "Location": 0,
    "DisplayOrder": 0,
    "TitleForeColorInt": -16777216,
    "TitleBackColorInt": -9193752,
    "GridWidth": 1700,
    "HideRowSelector": false,
    "SortOrder": 1,
    "SortOrderField": "BestLapTime",
    "TitleForeColor": "0, 0, 0",
    "TitleBackColor": "115, 182, 232",
    "Columns": [
      {
        "Index": 0,
        "DataProperty": "Number",
        "HeaderTitle": "#",
        "DisplayIndex": 1,
        "Width": 29,
        "Visible": true
      },
      {
        "Index": 1,
        "DataProperty": "NASCARDriverID",
        "HeaderTitle": "NASCARDriverID",
        "DisplayIndex": 2,
        "Width": 0,
        "Visible": false
      },
      {
        "Index": 2,
        "DataProperty": "Driver",
        "HeaderTitle": "Driver",
        "DisplayIndex": 3,
        "Width": 0,
        "Visible": false
      },
      {
        "Index": 3,
        "DataProperty": "FullName",
        "HeaderTitle": "Driver",
        "DisplayIndex": 4,
        "Width": 116,
        "Visible": true
      },
      {
        "Index": 4,
        "DataProperty": "Manufacturer",
        "HeaderTitle": "Mfg",
        "DisplayIndex": 5,
        "Width": 50,
        "Visible": true
      },
      {
        "Index": 5,
        "DataProperty": "Sponsor",
        "HeaderTitle": "Sponsor",
        "DisplayIndex": 6,
        "Width": 0,
        "Visible": false
      },
      {
        "Index": 6,
        "DataProperty": "OverAllAvg",
        "HeaderTitle": "Avg",
        "DisplayIndex": 8,
        "Width": 78,
        "Visible": true
      },
      {
        "Index": 7,
        "DataProperty": "OverAllAvgRank",
        "HeaderTitle": "Avg Rank",
        "DisplayIndex": 9,
        "Width": 84,
        "Visible": true
      },
      {
        "Index": 8,
        "DataProperty": "BestLapTime",
        "HeaderTitle": "Time",
        "DisplayIndex": 7,
        "Width": 50,
        "Visible": true
      },
      {
        "Index": 9,
        "DataProperty": "BestLapRank",
        "HeaderTitle": "",
        "DisplayIndex": 0,
        "Width": 50,
        "Visible": true
      },
      {
        "Index": 10,
        "DataProperty": "Con5Lap",
        "HeaderTitle": "Con5Lap",
        "DisplayIndex": 10,
        "Width": 76,
        "Visible": true
      },
      {
        "Index": 11,
        "DataProperty": "Con5LapRank",
        "HeaderTitle": "Con5LapRank",
        "DisplayIndex": 11,
        "Width": 92,
        "Visible": true
      },
      {
        "Index": 12,
        "DataProperty": "Con10Lap",
        "HeaderTitle": "Con10Lap",
        "DisplayIndex": 12,
        "Width": 73,
        "Visible": true
      },
      {
        "Index": 13,
        "DataProperty": "Con10LapRank",
        "HeaderTitle": "Con10LapRank",
        "DisplayIndex": 13,
        "Width": 100,
        "Visible": true
      },
      {
        "Index": 14,
        "DataProperty": "Con15Lap",
        "HeaderTitle": "Con15Lap",
        "DisplayIndex": 14,
        "Width": 71,
        "Visible": true
      },
      {
        "Index": 15,
        "DataProperty": "Con15LapRank",
        "HeaderTitle": "Con15LapRank",
        "DisplayIndex": 15,
        "Width": 105,
        "Visible": true
      },
      {
        "Index": 16,
        "DataProperty": "Con20Lap",
        "HeaderTitle": "Con20Lap",
        "DisplayIndex": 16,
        "Width": 76,
        "Visible": true
      },
      {
        "Index": 17,
        "DataProperty": "Con20LapRank",
        "HeaderTitle": "Con20LapRank",
        "DisplayIndex": 17,
        "Width": 101,
        "Visible": true
      },
      {
        "Index": 18,
        "DataProperty": "Con25Lap",
        "HeaderTitle": "Con25Lap",
        "DisplayIndex": 18,
        "Width": 72,
        "Visible": true
      },
      {
        "Index": 19,
        "DataProperty": "Con25LapRank",
        "HeaderTitle": "Con25LapRank",
        "DisplayIndex": 19,
        "Width": 100,
        "Visible": true
      },
      {
        "Index": 20,
        "DataProperty": "Con30Lap",
        "HeaderTitle": "Con30Lap",
        "DisplayIndex": 20,
        "Width": 72,
        "Visible": true
      },
      {
        "Index": 21,
        "DataProperty": "Con30LapRank",
        "HeaderTitle": "Con30LapRank",
        "DisplayIndex": 21,
        "Width": 100,
        "Visible": true
      }
    ]
  }
]