[
  {
    "Name": "TestStyle1x",
    "GridStyle": {
      "BackColor": -1,
      "LineColor": -9868951
    },
    "HeaderStyle": {
      "ForeColor": -16777216,
      "BackColor": -1,
      "Font": {
        "FontName": "Arial",
        "FontSize": 10,
        "FontStyle": 0
      }
    },
    "RowStyle": {
      "ForeColor": -16777216,
      "BackColor": -1,
      "Font": {
        "FontName": "Arial",
        "FontSize": 10,
        "FontStyle": 0
      }
    },
    "AlternatingRowStyle": {
      "ForeColor": -16777216,
      "BackColor": -657931,
      "Font": {
        "FontName": "Arial",
        "FontSize": 10,
        "FontStyle": 0
      }
    },
    "SelectedRowStyle": {
      "ForeColor": -16777216,
      "BackColor": -4144897,
      "Font": null
    }
  },
  {
    "Name": "Copy of Back in Black",
    "GridStyle": {
      "BackColor": -8323200,
      "LineColor": -256
    },
    "HeaderStyle": {
      "ForeColor": -32513,
      "BackColor": -16776961,
      "Font": {
        "FontName": "Arial",
        "FontSize": 12,
        "FontStyle": 1
      }
    },
    "RowStyle": {
      "ForeColor": -32513,
      "BackColor": -16777216,
      "Font": {
        "FontName": "Arial",
        "FontSize": 10,
        "FontStyle": 0
      }
    },
    "AlternatingRowStyle": {
      "ForeColor": -2252579,
      "BackColor": -12566464,
      "Font": {
        "FontName": "Arial",
        "FontSize": 10,
        "FontStyle": 0
      }
    },
    "SelectedRowStyle": {
      "ForeColor": -65281,
      "BackColor": -7876885,
      "Font": null
    }
  },
  {
    "Name": "Back in Black",
    "GridStyle": {
      "BackColor": -15724528,
      "LineColor": -8388608
    },
    "HeaderStyle": {
      "ForeColor": -4144960,
      "BackColor": -16777216,
      "Font": {
        "FontName": "Segoe UI",
        "FontSize": 12,
        "FontStyle": 1
      }
    },
    "RowStyle": {
      "ForeColor": -5658199,
      "BackColor": -16777216,
      "Font": {
        "FontName": "Segoe UI",
        "FontSize": 12,
        "FontStyle": 0
      }
    },
    "AlternatingRowStyle": {
      "ForeColor": -5658199,
      "BackColor": -12566464,
      "Font": {
        "FontName": "Segoe UI",
        "FontSize": 12,
        "FontStyle": 0
      }
    },
    "SelectedRowStyle": {
      "ForeColor": -1,
      "BackColor": -9868951,
      "Font": null
    }
  },
  {
    "Name": "Earnhardt",
    "GridStyle": {
      "BackColor": -16777216,
      "LineColor": -12582912
    },
    "HeaderStyle": {
      "ForeColor": -1,
      "BackColor": -16777216,
      "Font": {
        "FontName": "Segoe UI",
        "FontSize": 12,
        "FontStyle": 1
      }
    },
    "RowStyle": {
      "ForeColor": -5658199,
      "BackColor": -16777216,
      "Font": {
        "FontName": "Segoe UI",
        "FontSize": 12,
        "FontStyle": 0
      }
    },
    "AlternatingRowStyle": {
      "ForeColor": -5658199,
      "BackColor": -15724528,
      "Font": {
        "FontName": "Segoe UI",
        "FontSize": 12,
        "FontStyle": 0
      }
    },
    "SelectedRowStyle": {
      "ForeColor": -1,
      "BackColor": -9868951,
      "Font": null
    }
  },
  {
    "Name": "Petty",
    "GridStyle": {
      "BackColor": -16777216,
      "LineColor": -1100236
    },
    "HeaderStyle": {
      "ForeColor": -1,
      "BackColor": -1100236,
      "Font": {
        "FontName": "Segoe UI",
        "FontSize": 12,
        "FontStyle": 1
      }
    },
    "RowStyle": {
      "ForeColor": -16777216,
      "BackColor": -15355664,
      "Font": {
        "FontName": "Segoe UI",
        "FontSize": 12,
        "FontStyle": 0
      }
    },
    "AlternatingRowStyle": {
      "ForeColor": -16777216,
      "BackColor": -14774017,
      "Font": {
        "FontName": "Segoe UI",
        "FontSize": 12,
        "FontStyle": 0
      }
    },
    "SelectedRowStyle": {
      "ForeColor": -1,
      "BackColor": -1100236,
      "Font": null
    }
  }
]