[
  {
    "Name": "Flags",
    "Description": "Flags and details",
    "Enabled": true,
    "ApiSource": 1,
    "Title": "Flags",
    "Location": 2,
    "DisplayOrder": 0,
    "TitleForeColorInt": -16777216,
    "TitleBackColorInt": -1,
    "GridWidth": 750,
    "HideRowSelector": false,
    "SortOrder": 1,
    "SortOrderField": "ElapsedTime",
    "Style": "",
    "TitleForeColor": "0, 0, 0",
    "TitleBackColor": "255, 255, 255",
    "Columns": [
      {
        "Index": 0,
        "DataProperty": "LapNumber",
        "HeaderTitle": "Lap",
        "DisplayIndex": 0,
        "Width": 44,
        "Visible": true
      },
      {
        "Index": 1,
        "DataProperty": "State",
        "HeaderTitle": "State",
        "DisplayIndex": 1,
        "Width": 50,
        "Visible": true
      },
      {
        "Index": 2,
        "DataProperty": "ElapsedTime",
        "HeaderTitle": "ElapsedTime",
        "DisplayIndex": 2,
        "Width": 0,
        "Visible": false
      },
      {
        "Index": 3,
        "DataProperty": "Comment",
        "HeaderTitle": "Comment",
        "DisplayIndex": 3,
        "Width": 287,
        "Visible": true
      },
      {
        "Index": 4,
        "DataProperty": "Beneficiary",
        "HeaderTitle": "Lucky Dog",
        "DisplayIndex": 4,
        "Width": 143,
        "Visible": true
      },
      {
        "Index": 5,
        "DataProperty": "TimeOfDay",
        "HeaderTitle": "TimeOfDay",
        "DisplayIndex": 5,
        "Width": 0,
        "Visible": false
      },
      {
        "Index": 6,
        "DataProperty": "TimeOfDayOs",
        "HeaderTitle": "Time",
        "DisplayIndex": 6,
        "Width": 152,
        "Visible": true
      }
    ]
  },
  {
    "Name": "Practice Leaderboard",
    "Description": "Practice session leaderboard",
    "Enabled": false,
    "ApiSource": 6,
    "Title": "Practice",
    "Location": 0,
    "DisplayOrder": 0,
    "TitleForeColorInt": -16777216,
    "TitleBackColorInt": -9193752,
    "GridWidth": 1700,
    "HideRowSelector": false,
    "SortOrder": 1,
    "SortOrderField": "BestLapTime",
    "Style": "Basic White",
    "TitleForeColor": "0, 0, 0",
    "TitleBackColor": "115, 182, 232",
    "Columns": [
      {
        "Index": 0,
        "DataProperty": "Number",
        "HeaderTitle": "#",
        "DisplayIndex": 1,
        "Width": 29,
        "Visible": true
      },
      {
        "Index": 1,
        "DataProperty": "NASCARDriverID",
        "HeaderTitle": "NASCARDriverID",
        "DisplayIndex": 2,
        "Width": 0,
        "Visible": false
      },
      {
        "Index": 2,
        "DataProperty": "Driver",
        "HeaderTitle": "Driver",
        "DisplayIndex": 3,
        "Width": 0,
        "Visible": false
      },
      {
        "Index": 3,
        "DataProperty": "FullName",
        "HeaderTitle": "Driver",
        "DisplayIndex": 4,
        "Width": 116,
        "Visible": true
      },
      {
        "Index": 4,
        "DataProperty": "Manufacturer",
        "HeaderTitle": "Mfg",
        "DisplayIndex": 5,
        "Width": 50,
        "Visible": true
      },
      {
        "Index": 5,
        "DataProperty": "Sponsor",
        "HeaderTitle": "Sponsor",
        "DisplayIndex": 6,
        "Width": 0,
        "Visible": false
      },
      {
        "Index": 6,
        "DataProperty": "OverAllAvg",
        "HeaderTitle": "Avg",
        "DisplayIndex": 7,
        "Width": 78,
        "Visible": true
      },
      {
        "Index": 7,
        "DataProperty": "OverAllAvgRank",
        "HeaderTitle": "Avg Rank",
        "DisplayIndex": 9,
        "Width": 84,
        "Visible": true
      },
      {
        "Index": 8,
        "DataProperty": "BestLapTime",
        "HeaderTitle": "Time",
        "DisplayIndex": 8,
        "Width": 50,
        "Visible": true
      },
      {
        "Index": 9,
        "DataProperty": "BestLapRank",
        "HeaderTitle": "",
        "DisplayIndex": 0,
        "Width": 50,
        "Visible": true
      },
      {
        "Index": 10,
        "DataProperty": "Con5Lap",
        "HeaderTitle": "Con5Lap",
        "DisplayIndex": 10,
        "Width": 76,
        "Visible": true
      },
      {
        "Index": 11,
        "DataProperty": "Con5LapRank",
        "HeaderTitle": "Con5LapRank",
        "DisplayIndex": 11,
        "Width": 92,
        "Visible": true
      },
      {
        "Index": 12,
        "DataProperty": "Con10Lap",
        "HeaderTitle": "Con10Lap",
        "DisplayIndex": 12,
        "Width": 73,
        "Visible": true
      },
      {
        "Index": 13,
        "DataProperty": "Con10LapRank",
        "HeaderTitle": "Con10LapRank",
        "DisplayIndex": 13,
        "Width": 100,
        "Visible": true
      },
      {
        "Index": 14,
        "DataProperty": "Con15Lap",
        "HeaderTitle": "Con15Lap",
        "DisplayIndex": 14,
        "Width": 71,
        "Visible": true
      },
      {
        "Index": 15,
        "DataProperty": "Con15LapRank",
        "HeaderTitle": "Con15LapRank",
        "DisplayIndex": 15,
        "Width": 105,
        "Visible": true
      },
      {
        "Index": 16,
        "DataProperty": "Con20Lap",
        "HeaderTitle": "Con20Lap",
        "DisplayIndex": 16,
        "Width": 76,
        "Visible": true
      },
      {
        "Index": 17,
        "DataProperty": "Con20LapRank",
        "HeaderTitle": "Con20LapRank",
        "DisplayIndex": 17,
        "Width": 101,
        "Visible": true
      },
      {
        "Index": 18,
        "DataProperty": "Con25Lap",
        "HeaderTitle": "Con25Lap",
        "DisplayIndex": 18,
        "Width": 72,
        "Visible": true
      },
      {
        "Index": 19,
        "DataProperty": "Con25LapRank",
        "HeaderTitle": "Con25LapRank",
        "DisplayIndex": 19,
        "Width": 100,
        "Visible": true
      },
      {
        "Index": 20,
        "DataProperty": "Con30Lap",
        "HeaderTitle": "Con30Lap",
        "DisplayIndex": 20,
        "Width": 72,
        "Visible": true
      },
      {
        "Index": 21,
        "DataProperty": "Con30LapRank",
        "HeaderTitle": "Con30LapRank",
        "DisplayIndex": 21,
        "Width": 100,
        "Visible": true
      }
    ]
  },
  {
    "Name": "Loop Data",
    "Description": "Driver Stats from NASCAR loop data",
    "Enabled": true,
    "ApiSource": 0,
    "Title": "Loop Data",
    "Location": 2,
    "DisplayOrder": 1,
    "TitleForeColorInt": -15355664,
    "TitleBackColorInt": -16777216,
    "GridWidth": 1000,
    "HideRowSelector": false,
    "SortOrder": 0,
    "SortOrderField": "",
    "Style": "Petty",
    "TitleForeColor": "21, 176, 240",
    "TitleBackColor": "0, 0, 0",
    "Columns": [
      {
        "Index": 0,
        "DataProperty": "driver_name",
        "HeaderTitle": "driver_name",
        "DisplayIndex": 0,
        "Width": 50,
        "Visible": true
      },
      {
        "Index": 1,
        "DataProperty": "driver_id",
        "HeaderTitle": "driver_id",
        "DisplayIndex": 1,
        "Width": 50,
        "Visible": true
      },
      {
        "Index": 2,
        "DataProperty": "start_ps",
        "HeaderTitle": "start_ps",
        "DisplayIndex": 2,
        "Width": 50,
        "Visible": true
      },
      {
        "Index": 3,
        "DataProperty": "mid_ps",
        "HeaderTitle": "mid_ps",
        "DisplayIndex": 3,
        "Width": 50,
        "Visible": true
      },
      {
        "Index": 4,
        "DataProperty": "ps",
        "HeaderTitle": "ps",
        "DisplayIndex": 4,
        "Width": 50,
        "Visible": true
      },
      {
        "Index": 5,
        "DataProperty": "closing_ps",
        "HeaderTitle": "closing_ps",
        "DisplayIndex": 5,
        "Width": 50,
        "Visible": true
      },
      {
        "Index": 6,
        "DataProperty": "closing_laps_diff",
        "HeaderTitle": "closing_laps_diff",
        "DisplayIndex": 6,
        "Width": 50,
        "Visible": true
      },
      {
        "Index": 7,
        "DataProperty": "best_ps",
        "HeaderTitle": "best_ps",
        "DisplayIndex": 7,
        "Width": 50,
        "Visible": true
      },
      {
        "Index": 8,
        "DataProperty": "worst_ps",
        "HeaderTitle": "worst_ps",
        "DisplayIndex": 8,
        "Width": 50,
        "Visible": true
      },
      {
        "Index": 9,
        "DataProperty": "avg_ps",
        "HeaderTitle": "avg_ps",
        "DisplayIndex": 9,
        "Width": 50,
        "Visible": true
      },
      {
        "Index": 10,
        "DataProperty": "passes_gf",
        "HeaderTitle": "passes_gf",
        "DisplayIndex": 10,
        "Width": 50,
        "Visible": true
      },
      {
        "Index": 11,
        "DataProperty": "passing_diff",
        "HeaderTitle": "passing_diff",
        "DisplayIndex": 11,
        "Width": 50,
        "Visible": true
      },
      {
        "Index": 12,
        "DataProperty": "passed_gf",
        "HeaderTitle": "passed_gf",
        "DisplayIndex": 12,
        "Width": 50,
        "Visible": true
      },
      {
        "Index": 13,
        "DataProperty": "quality_passes",
        "HeaderTitle": "quality_passes",
        "DisplayIndex": 13,
        "Width": 50,
        "Visible": true
      },
      {
        "Index": 14,
        "DataProperty": "fast_laps",
        "HeaderTitle": "fast_laps",
        "DisplayIndex": 14,
        "Width": 50,
        "Visible": true
      },
      {
        "Index": 15,
        "DataProperty": "top15_laps",
        "HeaderTitle": "top15_laps",
        "DisplayIndex": 15,
        "Width": 50,
        "Visible": true
      },
      {
        "Index": 16,
        "DataProperty": "lead_laps",
        "HeaderTitle": "lead_laps",
        "DisplayIndex": 16,
        "Width": 50,
        "Visible": true
      },
      {
        "Index": 17,
        "DataProperty": "laps",
        "HeaderTitle": "laps",
        "DisplayIndex": 17,
        "Width": 50,
        "Visible": true
      },
      {
        "Index": 18,
        "DataProperty": "rating",
        "HeaderTitle": "rating",
        "DisplayIndex": 18,
        "Width": 50,
        "Visible": true
      }
    ]
  },
  {
    "Name": "Foo",
    "Description": "bar",
    "Enabled": true,
    "ApiSource": 5,
    "Title": "Foo",
    "Location": 0,
    "DisplayOrder": 0,
    "TitleForeColorInt": -65536,
    "TitleBackColorInt": -16777216,
    "GridWidth": 250,
    "HideRowSelector": true,
    "SortOrder": 0,
    "SortOrderField": "",
    "Style": "Earnhardt",
    "TitleForeColor": "255, 0, 0",
    "TitleBackColor": "0, 0, 0",
    "Columns": [
      {
        "Index": 0,
        "DataProperty": "average_restart_speed",
        "HeaderTitle": "average_restart_speed",
        "DisplayIndex": 0,
        "Width": 50,
        "Visible": true
      },
      {
        "Index": 1,
        "DataProperty": "average_running_position",
        "HeaderTitle": "average_running_position",
        "DisplayIndex": 1,
        "Width": 50,
        "Visible": true
      },
      {
        "Index": 2,
        "DataProperty": "average_speed",
        "HeaderTitle": "average_speed",
        "DisplayIndex": 2,
        "Width": 50,
        "Visible": true
      },
      {
        "Index": 3,
        "DataProperty": "best_lap",
        "HeaderTitle": "best_lap",
        "DisplayIndex": 3,
        "Width": 50,
        "Visible": true
      },
      {
        "Index": 4,
        "DataProperty": "best_lap_speed",
        "HeaderTitle": "best_lap_speed",
        "DisplayIndex": 4,
        "Width": 50,
        "Visible": true
      },
      {
        "Index": 5,
        "DataProperty": "best_lap_time",
        "HeaderTitle": "best_lap_time",
        "DisplayIndex": 5,
        "Width": 50,
        "Visible": true
      },
      {
        "Index": 6,
        "DataProperty": "vehicle_manufacturer",
        "HeaderTitle": "vehicle_manufacturer",
        "DisplayIndex": 6,
        "Width": 50,
        "Visible": true
      },
      {
        "Index": 7,
        "DataProperty": "vehicle_number",
        "HeaderTitle": "vehicle_number",
        "DisplayIndex": 7,
        "Width": 50,
        "Visible": true
      },
      {
        "Index": 8,
        "DataProperty": "driver",
        "HeaderTitle": "driver",
        "DisplayIndex": 8,
        "Width": 50,
        "Visible": true
      },
      {
        "Index": 9,
        "DataProperty": "vehicle_elapsed_time",
        "HeaderTitle": "vehicle_elapsed_time",
        "DisplayIndex": 9,
        "Width": 50,
        "Visible": true
      },
      {
        "Index": 10,
        "DataProperty": "fastest_laps_run",
        "HeaderTitle": "fastest_laps_run",
        "DisplayIndex": 10,
        "Width": 50,
        "Visible": true
      },
      {
        "Index": 11,
        "DataProperty": "laps_position_improved",
        "HeaderTitle": "laps_position_improved",
        "DisplayIndex": 11,
        "Width": 50,
        "Visible": true
      },
      {
        "Index": 12,
        "DataProperty": "laps_completed",
        "HeaderTitle": "laps_completed",
        "DisplayIndex": 12,
        "Width": 50,
        "Visible": true
      },
      {
        "Index": 13,
        "DataProperty": "laps_led",
        "HeaderTitle": "laps_led",
        "DisplayIndex": 13,
        "Width": 50,
        "Visible": true
      },
      {
        "Index": 14,
        "DataProperty": "last_lap_speed",
        "HeaderTitle": "last_lap_speed",
        "DisplayIndex": 14,
        "Width": 50,
        "Visible": true
      },
      {
        "Index": 15,
        "DataProperty": "last_lap_time",
        "HeaderTitle": "last_lap_time",
        "DisplayIndex": 15,
        "Width": 50,
        "Visible": true
      },
      {
        "Index": 16,
        "DataProperty": "passes_made",
        "HeaderTitle": "passes_made",
        "DisplayIndex": 16,
        "Width": 50,
        "Visible": true
      },
      {
        "Index": 17,
        "DataProperty": "passing_differential",
        "HeaderTitle": "passing_differential",
        "DisplayIndex": 17,
        "Width": 50,
        "Visible": true
      },
      {
        "Index": 18,
        "DataProperty": "position_differential_last_10_percent",
        "HeaderTitle": "position_differential_last_10_percent",
        "DisplayIndex": 18,
        "Width": 50,
        "Visible": true
      },
      {
        "Index": 19,
        "DataProperty": "pit_stops",
        "HeaderTitle": "pit_stops",
        "DisplayIndex": 19,
        "Width": 50,
        "Visible": true
      },
      {
        "Index": 20,
        "DataProperty": "qualifying_status",
        "HeaderTitle": "qualifying_status",
        "DisplayIndex": 20,
        "Width": 50,
        "Visible": true
      },
      {
        "Index": 21,
        "DataProperty": "running_position",
        "HeaderTitle": "running_position",
        "DisplayIndex": 21,
        "Width": 50,
        "Visible": true
      },
      {
        "Index": 22,
        "DataProperty": "status",
        "HeaderTitle": "status",
        "DisplayIndex": 22,
        "Width": 50,
        "Visible": true
      },
      {
        "Index": 23,
        "DataProperty": "delta",
        "HeaderTitle": "delta",
        "DisplayIndex": 23,
        "Width": 50,
        "Visible": true
      },
      {
        "Index": 24,
        "DataProperty": "sponsor_name",
        "HeaderTitle": "sponsor_name",
        "DisplayIndex": 24,
        "Width": 50,
        "Visible": true
      },
      {
        "Index": 25,
        "DataProperty": "starting_position",
        "HeaderTitle": "starting_position",
        "DisplayIndex": 25,
        "Width": 50,
        "Visible": true
      },
      {
        "Index": 26,
        "DataProperty": "times_passed",
        "HeaderTitle": "times_passed",
        "DisplayIndex": 26,
        "Width": 50,
        "Visible": true
      },
      {
        "Index": 27,
        "DataProperty": "quality_passes",
        "HeaderTitle": "quality_passes",
        "DisplayIndex": 27,
        "Width": 50,
        "Visible": true
      },
      {
        "Index": 28,
        "DataProperty": "is_on_track",
        "HeaderTitle": "is_on_track",
        "DisplayIndex": 28,
        "Width": 50,
        "Visible": true
      },
      {
        "Index": 29,
        "DataProperty": "is_on_dvp",
        "HeaderTitle": "is_on_dvp",
        "DisplayIndex": 29,
        "Width": 50,
        "Visible": true
      },
      {
        "Index": 30,
        "DataProperty": "last_pit",
        "HeaderTitle": "last_pit",
        "DisplayIndex": 30,
        "Width": 50,
        "Visible": true
      }
    ]
  }
]