[
  {
    "Name": "Earnhardt",
    "GridStyle": {
      "BackColor": -16777216,
      "LineColor": -12582912
    },
    "HeaderStyle": {
      "ForeColor": -1,
      "BackColor": -16777216,
      "Font": {
        "FontName": "Segoe UI",
        "FontSize": 12,
        "FontStyle": 1
      }
    },
    "RowStyle": {
      "ForeColor": -5658199,
      "BackColor": -16777216,
      "Font": {
        "FontName": "Segoe UI",
        "FontSize": 12,
        "FontStyle": 0
      }
    },
    "AlternatingRowStyle": {
      "ForeColor": -5658199,
      "BackColor": -15724528,
      "Font": {
        "FontName": "Segoe UI",
        "FontSize": 12,
        "FontStyle": 0
      }
    },
    "SelectedRowStyle": {
      "ForeColor": -1,
      "BackColor": -9868951,
      "Font": null
    }
  },
  {
    "Name": "Petty",
    "GridStyle": {
      "BackColor": -16777216,
      "LineColor": -1100236
    },
    "HeaderStyle": {
      "ForeColor": -1,
      "BackColor": -1100236,
      "Font": {
        "FontName": "Segoe UI",
        "FontSize": 12,
        "FontStyle": 1
      }
    },
    "RowStyle": {
      "ForeColor": -16777216,
      "BackColor": -15355664,
      "Font": {
        "FontName": "Segoe UI",
        "FontSize": 12,
        "FontStyle": 0
      }
    },
    "AlternatingRowStyle": {
      "ForeColor": -16777216,
      "BackColor": -14774017,
      "Font": {
        "FontName": "Segoe UI",
        "FontSize": 12,
        "FontStyle": 0
      }
    },
    "SelectedRowStyle": {
      "ForeColor": -1,
      "BackColor": -1100236,
      "Font": null
    }
  },
  {
    "Name": "Back in Black",
    "GridStyle": {
      "BackColor": -15724528,
      "LineColor": -15198184
    },
    "HeaderStyle": {
      "ForeColor": -9868951,
      "BackColor": -16777216,
      "Font": {
        "FontName": "Segoe UI",
        "FontSize": 12,
        "FontStyle": 1
      }
    },
    "RowStyle": {
      "ForeColor": -9868951,
      "BackColor": -16777216,
      "Font": {
        "FontName": "Segoe UI",
        "FontSize": 12,
        "FontStyle": 0
      }
    },
    "AlternatingRowStyle": {
      "ForeColor": -9868951,
      "BackColor": -15724528,
      "Font": {
        "FontName": "Segoe UI",
        "FontSize": 12,
        "FontStyle": 0
      }
    },
    "SelectedRowStyle": {
      "ForeColor": -1,
      "BackColor": -9868951,
      "Font": null
    }
  },
  {
    "Name": "Basic White",
    "GridStyle": {
      "BackColor": -1,
      "LineColor": -9868951
    },
    "HeaderStyle": {
      "ForeColor": -16777216,
      "BackColor": -1,
      "Font": {
        "FontName": "Arial",
        "FontSize": 10,
        "FontStyle": 0
      }
    },
    "RowStyle": {
      "ForeColor": -16777216,
      "BackColor": -1,
      "Font": {
        "FontName": "Arial",
        "FontSize": 10,
        "FontStyle": 0
      }
    },
    "AlternatingRowStyle": {
      "ForeColor": -16777216,
      "BackColor": -657931,
      "Font": {
        "FontName": "Arial",
        "FontSize": 10,
        "FontStyle": 0
      }
    },
    "SelectedRowStyle": {
      "ForeColor": -16777216,
      "BackColor": -4144897,
      "Font": null
    }
  }
]