[{"Name":"Qualifying View","Enabled":true,"Panels":[{"Name":"pnlMain","DisplayIndex":0,"Dock":5,"GridViews":[{"Name":"pnlMain_Leaderboard","PanelName":"pnlMain","GridName":"Leaderboard","Width":1442,"Height":795,"DisplayIndex":0,"Dock":5,"HasSplitter":false}]},{"Name":"pnlBottom","DisplayIndex":1,"Dock":2,"GridViews":[]},{"Name":"pnlRight","DisplayIndex":2,"Dock":4,"GridViews":[{"Name":"pnlRight_Fastest Laps","PanelName":"pnlRight","GridName":"Fastest Laps","Width":98,"Height":298,"DisplayIndex":0,"Dock":1,"HasSplitter":true}]}]},{"Name":"Practice View","Enabled":true,"Panels":[{"Name":"pnlMain","DisplayIndex":0,"Dock":5,"GridViews":[{"Name":"pnlMain_Leaderboard","PanelName":"pnlMain","GridName":"Leaderboard","Width":1665,"Height":795,"DisplayIndex":0,"Dock":5,"HasSplitter":false}]},{"Name":"pnlBottom","DisplayIndex":1,"Dock":2,"GridViews":[{"Name":"pnlBottom_Last 15 Lap Average","PanelName":"pnlBottom","GridName":"Last 15 Lap Average","Width":252,"Height":98,"DisplayIndex":0,"Dock":3,"HasSplitter":true},{"Name":"pnlBottom_Last 10 Lap Average","PanelName":"pnlBottom","GridName":"Last 10 Lap Average","Width":270,"Height":98,"DisplayIndex":1,"Dock":3,"HasSplitter":true},{"Name":"pnlBottom_Last 5 Lap Average","PanelName":"pnlBottom","GridName":"Last 5 Lap Average","Width":259,"Height":98,"DisplayIndex":2,"Dock":3,"HasSplitter":true},{"Name":"pnlBottom_Best 15 Lap Average","PanelName":"pnlBottom","GridName":"Best 15 Lap Average","Width":243,"Height":98,"DisplayIndex":3,"Dock":3,"HasSplitter":true},{"Name":"pnlBottom_Best 10 Lap Average","PanelName":"pnlBottom","GridName":"Best 10 Lap Average","Width":244,"Height":98,"DisplayIndex":4,"Dock":3,"HasSplitter":true},{"Name":"pnlBottom_Best 5 Lap Average","PanelName":"pnlBottom","GridName":"Best 5 Lap Average","Width":222,"Height":98,"DisplayIndex":5,"Dock":3,"HasSplitter":true}]},{"Name":"pnlRight","DisplayIndex":2,"Dock":4,"GridViews":[{"Name":"pnlRight_Driver Points","PanelName":"pnlRight","GridName":"Driver Points","Width":98,"Height":298,"DisplayIndex":0,"Dock":1,"HasSplitter":true},{"Name":"pnlRight_Fastest Laps","PanelName":"pnlRight","GridName":"Fastest Laps","Width":98,"Height":298,"DisplayIndex":1,"Dock":1,"HasSplitter":true}]}]},{"Name":"Race View","Enabled":true,"Panels":[{"Name":"pnlRight","DisplayIndex":0,"Dock":4,"GridViews":[{"Name":"pnlRight_Fastest Laps","PanelName":"pnlRight","GridName":"Fastest Laps","Width":98,"Height":103,"DisplayIndex":0,"Dock":1,"HasSplitter":true},{"Name":"pnlRight_Driver Points","PanelName":"pnlRight","GridName":"Driver Points","Width":98,"Height":103,"DisplayIndex":1,"Dock":1,"HasSplitter":true}]},{"Name":"pnlBottom","DisplayIndex":1,"Dock":2,"GridViews":[{"Name":"pnlBottom_Best 5 Lap Average","PanelName":"pnlBottom","GridName":"Best 5 Lap Average","Width":219,"Height":98,"DisplayIndex":0,"Dock":3,"HasSplitter":true},{"Name":"pnlBottom_Best 10 Lap Average","PanelName":"pnlBottom","GridName":"Best 10 Lap Average","Width":219,"Height":98,"DisplayIndex":1,"Dock":3,"HasSplitter":true},{"Name":"pnlBottom_Best 15 Lap Average","PanelName":"pnlBottom","GridName":"Best 15 Lap Average","Width":219,"Height":98,"DisplayIndex":2,"Dock":3,"HasSplitter":true},{"Name":"pnlBottom_Last 5 Lap Average","PanelName":"pnlBottom","GridName":"Last 5 Lap Average","Width":219,"Height":98,"DisplayIndex":3,"Dock":3,"HasSplitter":true},{"Name":"pnlBottom_Last 10 Lap Average","PanelName":"pnlBottom","GridName":"Last 10 Lap Average","Width":219,"Height":98,"DisplayIndex":4,"Dock":3,"HasSplitter":true},{"Name":"pnlBottom_Last 15 Lap Average","PanelName":"pnlBottom","GridName":"Last 15 Lap Average","Width":219,"Height":98,"DisplayIndex":5,"Dock":3,"HasSplitter":true}]},{"Name":"pnlMain","DisplayIndex":2,"Dock":5,"GridViews":[{"Name":"pnlMain_Leaderboard","PanelName":"pnlMain","GridName":"Leaderboard","Width":1100,"Height":411,"DisplayIndex":0,"Dock":5,"HasSplitter":false}]}]},{"Name":"Test1","Enabled":true,"Panels":[{"Name":"Panel4","DisplayIndex":0,"Dock":3,"GridViews":[{"Name":"Panel4_Flags *","PanelName":"Panel4","GridName":"Flags *","Width":200,"Height":100,"DisplayIndex":0,"Dock":0,"HasSplitter":false}]},{"Name":"pnlBottom","DisplayIndex":1,"Dock":2,"GridViews":[]},{"Name":"pnlRight","DisplayIndex":2,"Dock":4,"GridViews":[]}]}]