[
  {
    "Name": "Practice View",
    "Enabled": true,
    "DisplayIndex": 2,
    "DisplayEventTitle": true,
    "DisplayFlagStatus": false,
    "DisplayGreenYellowLapIndicator": false,
    "Panels": [
      {
        "Name": "pnlRight",
        "DisplayIndex": 0,
        "Dock": 4,
        "Size": 0.0,
        "GridViews": [
          {
            "Name": "pnlRight_Fastest Laps",
            "PanelName": "pnlRight",
            "GridName": "Fastest Laps",
            "Width": 98,
            "Height": 260,
            "DisplayIndex": 0,
            "Dock": 1,
            "HasSplitter": true
          },
          {
            "Name": "pnlRight_Driver Points",
            "PanelName": "pnlRight",
            "GridName": "Driver Points",
            "Width": 98,
            "Height": 260,
            "DisplayIndex": 1,
            "Dock": 1,
            "HasSplitter": true
          }
        ]
      },
      {
        "Name": "pnlBottom",
        "DisplayIndex": 1,
        "Dock": 2,
        "Size": 0.0,
        "GridViews": [
          {
            "Name": "pnlBottom_Best 5 Lap Average",
            "PanelName": "pnlBottom",
            "GridName": "Best 5 Lap Average",
            "Width": 307,
            "Height": 98,
            "DisplayIndex": 0,
            "Dock": 3,
            "HasSplitter": true
          },
          {
            "Name": "pnlBottom_Best 10 Lap Average",
            "PanelName": "pnlBottom",
            "GridName": "Best 10 Lap Average",
            "Width": 307,
            "Height": 98,
            "DisplayIndex": 1,
            "Dock": 3,
            "HasSplitter": true
          },
          {
            "Name": "pnlBottom_Best 15 Lap Average",
            "PanelName": "pnlBottom",
            "GridName": "Best 15 Lap Average",
            "Width": 307,
            "Height": 98,
            "DisplayIndex": 2,
            "Dock": 3,
            "HasSplitter": true
          },
          {
            "Name": "pnlBottom_Last 5 Lap Average",
            "PanelName": "pnlBottom",
            "GridName": "Last 5 Lap Average",
            "Width": 307,
            "Height": 98,
            "DisplayIndex": 3,
            "Dock": 3,
            "HasSplitter": true
          },
          {
            "Name": "pnlBottom_Last 10 Lap Average",
            "PanelName": "pnlBottom",
            "GridName": "Last 10 Lap Average",
            "Width": 307,
            "Height": 98,
            "DisplayIndex": 4,
            "Dock": 3,
            "HasSplitter": true
          },
          {
            "Name": "pnlBottom_Last 15 Lap Average",
            "PanelName": "pnlBottom",
            "GridName": "Last 15 Lap Average",
            "Width": 307,
            "Height": 98,
            "DisplayIndex": 5,
            "Dock": 3,
            "HasSplitter": true
          }
        ]
      },
      {
        "Name": "pnlMain",
        "DisplayIndex": 2,
        "Dock": 5,
        "Size": 0.0,
        "GridViews": [
          {
            "Name": "pnlMain_Leaderboard",
            "PanelName": "pnlMain",
            "GridName": "Leaderboard",
            "Width": 1540,
            "Height": 883,
            "DisplayIndex": 0,
            "Dock": 5,
            "HasSplitter": false
          }
        ]
      }
    ]
  },
  {
    "Name": "Qualifying View",
    "Enabled": true,
    "DisplayIndex": 1,
    "DisplayEventTitle": true,
    "DisplayFlagStatus": false,
    "DisplayGreenYellowLapIndicator": false,
    "Panels": [
      {
        "Name": "pnlMain",
        "DisplayIndex": 0,
        "Dock": 5,
        "Size": 0.0,
        "GridViews": [
          {
            "Name": "pnlMain_Leaderboard",
            "PanelName": "pnlMain",
            "GridName": "Leaderboard",
            "Width": 1440,
            "Height": 783,
            "DisplayIndex": 0,
            "Dock": 5,
            "HasSplitter": false
          }
        ]
      },
      {
        "Name": "pnlBottom",
        "DisplayIndex": 1,
        "Dock": 2,
        "Size": 0.0,
        "GridViews": []
      },
      {
        "Name": "pnlRight",
        "DisplayIndex": 2,
        "Dock": 4,
        "Size": 0.0,
        "GridViews": [
          {
            "Name": "pnlRight_Fastest Laps",
            "PanelName": "pnlRight",
            "GridName": "Fastest Laps",
            "Width": 98,
            "Height": 294,
            "DisplayIndex": 0,
            "Dock": 1,
            "HasSplitter": true
          }
        ]
      }
    ]
  },
  {
    "Name": "Race View",
    "Enabled": true,
    "DisplayIndex": 0,
    "DisplayEventTitle": true,
    "DisplayFlagStatus": true,
    "DisplayGreenYellowLapIndicator": true,
    "Panels": [
      {
        "Name": "pnlMain",
        "DisplayIndex": 0,
        "Dock": 5,
        "Size": 0.0,
        "GridViews": [
          {
            "Name": "pnlMain_Leaderboard",
            "PanelName": "pnlMain",
            "GridName": "Leaderboard",
            "Width": 1284,
            "Height": 589,
            "DisplayIndex": 0,
            "Dock": 5,
            "HasSplitter": false
          }
        ]
      },
      {
        "Name": "pnlBottom",
        "DisplayIndex": 1,
        "Dock": 2,
        "Size": 0.265356272,
        "GridViews": [
          {
            "Name": "pnlBottom_Last 15 Lap Average",
            "PanelName": "pnlBottom",
            "GridName": "Last 15 Lap Average",
            "Width": 286,
            "Height": 214,
            "DisplayIndex": 0,
            "Dock": 3,
            "HasSplitter": true
          },
          {
            "Name": "pnlBottom_Last 10 Lap Average",
            "PanelName": "pnlBottom",
            "GridName": "Last 10 Lap Average",
            "Width": 286,
            "Height": 214,
            "DisplayIndex": 1,
            "Dock": 3,
            "HasSplitter": true
          },
          {
            "Name": "pnlBottom_Last 5 Lap Average",
            "PanelName": "pnlBottom",
            "GridName": "Last 5 Lap Average",
            "Width": 286,
            "Height": 214,
            "DisplayIndex": 2,
            "Dock": 3,
            "HasSplitter": true
          },
          {
            "Name": "pnlBottom_Best 15 Lap Average",
            "PanelName": "pnlBottom",
            "GridName": "Best 15 Lap Average",
            "Width": 286,
            "Height": 214,
            "DisplayIndex": 3,
            "Dock": 3,
            "HasSplitter": true
          },
          {
            "Name": "pnlBottom_Best 10 Lap Average",
            "PanelName": "pnlBottom",
            "GridName": "Best 10 Lap Average",
            "Width": 286,
            "Height": 214,
            "DisplayIndex": 4,
            "Dock": 3,
            "HasSplitter": true
          },
          {
            "Name": "pnlBottom_Best 5 Lap Average",
            "PanelName": "pnlBottom",
            "GridName": "Best 5 Lap Average",
            "Width": 286,
            "Height": 214,
            "DisplayIndex": 5,
            "Dock": 3,
            "HasSplitter": true
          }
        ]
      },
      {
        "Name": "pnlRight",
        "DisplayIndex": 2,
        "Dock": 4,
        "Size": 0.163648129,
        "GridViews": [
          {
            "Name": "pnlRight_Driver Points",
            "PanelName": "pnlRight",
            "GridName": "Driver Points",
            "Width": 251,
            "Height": 269,
            "DisplayIndex": 0,
            "Dock": 1,
            "HasSplitter": true
          },
          {
            "Name": "pnlRight_Fastest Laps",
            "PanelName": "pnlRight",
            "GridName": "Fastest Laps",
            "Width": 251,
            "Height": 269,
            "DisplayIndex": 1,
            "Dock": 1,
            "HasSplitter": true
          }
        ]
      }
    ]
  },
  {
    "Name": "Test1",
    "Enabled": true,
    "DisplayIndex": 3,
    "DisplayEventTitle": true,
    "DisplayFlagStatus": true,
    "DisplayGreenYellowLapIndicator": true,
    "Panels": [
      {
        "Name": "Panel4",
        "DisplayIndex": 0,
        "Dock": 3,
        "Size": 0.5019405,
        "GridViews": [
          {
            "Name": "Panel4_Flags *",
            "PanelName": "Panel4",
            "GridName": "Flags *",
            "Width": 200,
            "Height": 100,
            "DisplayIndex": 0,
            "Dock": 0,
            "HasSplitter": false
          }
        ]
      },
      {
        "Name": "pnlBottom",
        "DisplayIndex": 1,
        "Dock": 2,
        "Size": 0.121621624,
        "GridViews": []
      },
      {
        "Name": "pnlRight",
        "DisplayIndex": 2,
        "Dock": 4,
        "Size": 0.06338939,
        "GridViews": []
      }
    ]
  }
]