[
  {
    "Name": "My Race Screen",
    "Enabled": true,
    "DisplayIndex": 0,
    "DisplayEventTitle": true,
    "DisplayFlagStatus": true,
    "DisplayGreenYellowLapIndicator": true,
    "Style": "Earnhardt",
    "Panels": [
      {
        "Name": "Race View_pnlRight",
        "DisplayIndex": 0,
        "Dock": 4,
        "Size": 0.163648129,
        "GridViews": [
          {
            "Name": "Race View_pnlRight_Fastest Laps",
            "ScreenName": "Race View",
            "PanelName": "pnlRight",
            "GridName": "Fastest Laps",
            "Width": 251,
            "Height": 196,
            "DisplayIndex": 0,
            "Dock": 1,
            "HasSplitter": true,
            "Style": "Earnhardt"
          },
          {
            "Name": "Race View_pnlRight_Driver Points",
            "ScreenName": "Race View",
            "PanelName": "pnlRight",
            "GridName": "Driver Points",
            "Width": 251,
            "Height": 196,
            "DisplayIndex": 1,
            "Dock": 1,
            "HasSplitter": true,
            "Style": "Earnhardt"
          }
        ]
      },
      {
        "Name": "Race View_pnlBottom",
        "DisplayIndex": 1,
        "Dock": 2,
        "Size": 0.265356272,
        "GridViews": [
          {
            "Name": "Race View_pnlBottom_Best 5 Lap Average",
            "ScreenName": "Race View",
            "PanelName": "pnlBottom",
            "GridName": "Best 5 Lap Average",
            "Width": 307,
            "Height": 191,
            "DisplayIndex": 0,
            "Dock": 3,
            "HasSplitter": true,
            "Style": "Earnhardt"
          },
          {
            "Name": "Race View_pnlBottom_Best 10 Lap Average",
            "ScreenName": "Race View",
            "PanelName": "pnlBottom",
            "GridName": "Best 10 Lap Average",
            "Width": 307,
            "Height": 191,
            "DisplayIndex": 1,
            "Dock": 3,
            "HasSplitter": true,
            "Style": "Earnhardt"
          },
          {
            "Name": "Race View_pnlBottom_Best 15 Lap Average",
            "ScreenName": "Race View",
            "PanelName": "pnlBottom",
            "GridName": "Best 15 Lap Average",
            "Width": 307,
            "Height": 191,
            "DisplayIndex": 2,
            "Dock": 3,
            "HasSplitter": true,
            "Style": "Earnhardt"
          },
          {
            "Name": "Race View_pnlBottom_Last 5 Lap Average",
            "ScreenName": "Race View",
            "PanelName": "pnlBottom",
            "GridName": "Last 5 Lap Average",
            "Width": 307,
            "Height": 191,
            "DisplayIndex": 3,
            "Dock": 3,
            "HasSplitter": true,
            "Style": "Earnhardt"
          },
          {
            "Name": "Race View_pnlBottom_Last 10 Lap Average",
            "ScreenName": "Race View",
            "PanelName": "pnlBottom",
            "GridName": "Last 10 Lap Average",
            "Width": 307,
            "Height": 191,
            "DisplayIndex": 4,
            "Dock": 3,
            "HasSplitter": true,
            "Style": "Earnhardt"
          },
          {
            "Name": "Race View_pnlBottom_Last 15 Lap Average",
            "ScreenName": "Race View",
            "PanelName": "pnlBottom",
            "GridName": "Last 15 Lap Average",
            "Width": 307,
            "Height": 191,
            "DisplayIndex": 5,
            "Dock": 3,
            "HasSplitter": true,
            "Style": "Earnhardt"
          }
        ]
      },
      {
        "Name": "Race View_pnlMain",
        "DisplayIndex": 2,
        "Dock": 5,
        "Size": 0.0,
        "GridViews": [
          {
            "Name": "Race View_pnlMain_Leaderboard",
            "ScreenName": "Race View",
            "PanelName": "pnlMain",
            "GridName": "Leaderboard",
            "Width": 1540,
            "Height": 785,
            "DisplayIndex": 0,
            "Dock": 5,
            "HasSplitter": false,
            "Style": "Earnhardt"
          }
        ]
      }
    ]
  }
]